property_key,tower_status,address,property_name,organization,geo_id,equipment_types,commercial_signals,tower_lifecycle_events,recent_tower_lifecycle_events_365d,commercial_disposition,permit_project_keys,recent_permit_project_keys_365d,renewal_priorities,latest_source_event_date,source_active_permit_record,recent_source_active_permit_activity_365d,latest_recent_permit_activity_date,rentsafe,source_keys,evidence_count
tdsb-schno:1924,CONFIRMED,"650 Cosburn Ave, East York, ON, M4C 2V2",East York Collegiate Institute,Toronto District School Board,,"[""cooling_tower""]","[""TDSB_COOLING_TOWER_RENEWAL""]",[],[],OWNER_REPORTED_HIGH_RENEWAL_NEED,[],[],"[""HIGH""]",,False,False,,,"[""tdsb_facility_condition_renewal""]",1
tdsb-schno:2001,CONFIRMED,"544 Horner Ave, Etobicoke, ON, M8W 2C2",Sir Adam Beck Junior School,Toronto District School Board,,"[""chemical_feed"",""chiller"",""cooling_tower""]","[""TDSB_COOLING_TOWER_RENEWAL"",""TDSB_RELATED_MECHANICAL_RENEWAL""]",[],[],OWNER_REPORTED_HIGH_RENEWAL_NEED,[],[],"[""HIGH"",""MEDIUM""]",,False,False,,,"[""tdsb_facility_condition_renewal""]",3
tdsb-schno:2021,CONFIRMED,"44 Cordova Ave, Etobicoke, ON, M9A 2H5",Islington Junior Middle School,Toronto District School Board,,"[""chemical_feed"",""chiller"",""cooling_tower""]","[""TDSB_COOLING_TOWER_RENEWAL"",""TDSB_RELATED_MECHANICAL_RENEWAL""]",[],[],OWNER_REPORTED_HIGH_RENEWAL_NEED,[],[],"[""HIGH"",""MEDIUM""]",,False,False,,,"[""tdsb_facility_condition_renewal""]",3
tdsb-schno:2040,CONFIRMED,"1 York Rd, Etobicoke, ON, M9R 3C8",Kingsview Village Junior School,Toronto District School Board,,"[""chemical_feed"",""chiller"",""cooling_tower""]","[""TDSB_COOLING_TOWER_RENEWAL"",""TDSB_RELATED_MECHANICAL_RENEWAL""]",[],[],OWNER_REPORTED_HIGH_RENEWAL_NEED,[],[],"[""HIGH""]",,False,False,,,"[""tdsb_facility_condition_renewal""]",3
tdsb-schno:2063,CONFIRMED,"85 Mount Olive Dr, Etobicoke, ON, M9V 2C9",Highfield Junior School,Toronto District School Board,,"[""chemical_feed"",""cooling_tower""]","[""TDSB_COOLING_TOWER_RENEWAL"",""TDSB_RELATED_MECHANICAL_RENEWAL""]",[],[],OWNER_REPORTED_HIGH_RENEWAL_NEED,[],[],"[""HIGH""]",,False,False,,,"[""tdsb_facility_condition_renewal""]",2
tdsb-schno:3127,CONFIRMED,"25 Forest Manor Rd, North York, ON, M2J 1M4",Forest Manor Public School,Toronto District School Board,,"[""chiller"",""cooling_tower""]","[""TDSB_COOLING_TOWER_RENEWAL"",""TDSB_RELATED_MECHANICAL_RENEWAL""]",[],[],OWNER_REPORTED_HIGH_RENEWAL_NEED,[],[],"[""HIGH""]",,False,False,,,"[""tdsb_facility_condition_renewal""]",2
tdsb-schno:3180,CONFIRMED,"4505 Jane St, North York, ON, M3N 2K7",Brookview Middle School,Toronto District School Board,,"[""cooling_tower""]","[""TDSB_COOLING_TOWER_RENEWAL""]",[],[],OWNER_REPORTED_HIGH_RENEWAL_NEED,[],[],"[""HIGH""]",,False,False,,,"[""tdsb_facility_condition_renewal""]",1
tdsb-schno:3430,CONFIRMED,"100 Princess Ave, North York, ON, M2N 3R7",Earl Haig Secondary School,Toronto District School Board,,"[""chemical_feed"",""cooling_tower""]","[""TDSB_COOLING_TOWER_RENEWAL"",""TDSB_RELATED_MECHANICAL_RENEWAL""]",[],[],OWNER_REPORTED_HIGH_RENEWAL_NEED,[],[],"[""HIGH"",""MEDIUM""]",,False,False,,,"[""tdsb_facility_condition_renewal""]",2
tdsb-schno:3432,CONFIRMED,"50 Francine Dr, North York, ON, M2H 2G6",A Y Jackson Secondary School,Toronto District School Board,,"[""chemical_feed"",""cooling_tower""]","[""TDSB_COOLING_TOWER_RENEWAL"",""TDSB_RELATED_MECHANICAL_RENEWAL""]",[],[],OWNER_REPORTED_HIGH_RENEWAL_NEED,[],[],"[""HIGH"",""MEDIUM""]",,False,False,,,"[""tdsb_facility_condition_renewal""]",2
tdsb-schno:3448,CONFIRMED,"755 Oakdale Rd, North York, ON, M3N 1W7",Westview Centennial Secondary School,Toronto District School Board,,"[""chemical_feed"",""cooling_tower""]","[""TDSB_COOLING_TOWER_RENEWAL"",""TDSB_RELATED_MECHANICAL_RENEWAL""]",[],[],CONFIRMED_TOWER_HISTORY_OR_UNDATED_NEED,[],[],"[""MEDIUM""]",,False,False,,,"[""tdsb_facility_condition_renewal""]",2
tdsb-schno:4175,CONFIRMED,"720 Midland Ave, Scarborough, ON, M1K 4C9",Scarborough Centre for Alternative Studies,Toronto District School Board,,"[""chiller"",""cooling_tower""]","[""TDSB_COOLING_TOWER_RENEWAL"",""TDSB_RELATED_MECHANICAL_RENEWAL""]",[],[],OWNER_REPORTED_HIGH_RENEWAL_NEED,[],[],"[""HIGH""]",,False,False,,,"[""tdsb_facility_condition_renewal""]",2
tdsb-schno:5219,CONFIRMED,"350 Parliament St, Toronto, ON, M5A 2Z7",Lord Dufferin Junior and Senior Public School,Toronto District School Board,,"[""chemical_feed"",""chiller"",""cooling_tower""]","[""TDSB_COOLING_TOWER_RENEWAL"",""TDSB_RELATED_MECHANICAL_RENEWAL""]",[],[],OWNER_REPORTED_HIGH_RENEWAL_NEED,[],[],"[""HIGH"",""MEDIUM""]",,False,False,,,"[""tdsb_facility_condition_renewal""]",3
tdsb-schno:5262,CONFIRMED,"78 Seaforth Ave, Toronto, ON, M6K 3L2",Parkdale Junior and Senior Public School,Toronto District School Board,,"[""chemical_feed"",""cooling_tower""]","[""TDSB_COOLING_TOWER_RENEWAL"",""TDSB_RELATED_MECHANICAL_RENEWAL""]",[],[],OWNER_REPORTED_HIGH_RENEWAL_NEED,[],[],"[""HIGH""]",,False,False,,,"[""tdsb_facility_condition_renewal""]",2
toronto-geoid:13505515,CONFIRMED,1 PEMBERTON AVE,,,13505515,"[""chiller"",""cooling_tower""]","[""SOURCE_ACTIVE_COOLING_TOWER_PERMIT"",""SOURCE_ACTIVE_MECHANICAL_PERMIT"",""COOLING_TOWER_PROJECT_HISTORY"",""HISTORICAL_MECHANICAL_PROJECT""]","[""REPLACE_OR_RENEW_TOWER""]",[],CONFIRMED_TOWER_HISTORY_OR_UNDATED_NEED,"[""toronto-permit:20 137758 BLD"",""toronto-permit:20 137758 HVA"",""toronto-permit:20 206221 BLD"",""toronto-permit:20 206221 HVA""]",[],[],2020-11-16,True,False,,,"[""toronto_building_permits_active"",""toronto_building_permits_cleared""]",8
toronto-geoid:8392955,CONFIRMED,15 SCADDING AVE,,,8392955,"[""chiller"",""cooling_tower""]","[""SOURCE_ACTIVE_COOLING_TOWER_PERMIT"",""SOURCE_ACTIVE_MECHANICAL_PERMIT""]","[""REPLACE_OR_RENEW_TOWER""]",[],CONFIRMED_TOWER_HISTORY_OR_UNDATED_NEED,"[""toronto-permit:10 134645 MSA""]",[],[],2010-03-30,True,False,,"{""source_key"":""toronto_apartment_building_registration"",""source_url"":""https://open.toronto.ca/dataset/apartment-building-registration/"",""rsn"":""4153559"",""site_address"":""15 SCADDING AVE"",""postal_code"":""M5A"",""property_management_company"":""TORONTO COMMUNITY HOUSING CORPORATION"",""property_type"":""TCHC"",""confirmed_storeys"":9,""confirmed_units"":251,""year_built"":1982,""year_registered"":2017,""air_conditioning_type"":""NONE"",""heating_type"":""HOT WATER"",""heating_equipment_status"":""ORIGINAL"",""heating_equipment_year_installed"":1970,""date_of_last_inspection_by_tssa"":""JUN 17, 2016"",""tssa_test_records"":""YES"",""cooling_room"":null,""match_basis"":""EXACT_CANONICAL_MUNICIPAL_ADDRESS"",""canonical_address"":""15 SCADDING AVE""}","[""toronto_building_permits_active""]",2
toronto-geoid:828085,CONFIRMED,200 KING ST E,,,828085,"[""chiller"",""cooling_tower""]","[""SOURCE_ACTIVE_COOLING_TOWER_PERMIT"",""SOURCE_ACTIVE_MECHANICAL_PERMIT""]","[""INSTALL_OR_ADD_TOWER""]",[],CONFIRMED_TOWER_HISTORY_OR_UNDATED_NEED,"[""toronto-permit:98 015945 HVA""]",[],[],2022-06-08,True,False,,,"[""toronto_building_permits_active""]",3
toronto-geoid:504793,CONFIRMED,205 CUMMER AVE,,,504793,"[""chiller"",""cooling_tower""]","[""SOURCE_ACTIVE_COOLING_TOWER_PERMIT"",""SOURCE_ACTIVE_MECHANICAL_PERMIT""]","[""RETIRE_OR_CONVERT_AWAY_FROM_TOWER""]",[],CONFIRMED_TOWER_HISTORY_OR_UNDATED_NEED,"[""toronto-permit:08 228223 BLD""]",[],[],2008-12-23,True,False,,,"[""toronto_building_permits_active""]",2
toronto-geoid:10133201,CONFIRMED,22 ST CLAIR AVE E,,,10133201,"[""chiller"",""cooling_tower""]","[""SOURCE_ACTIVE_COOLING_TOWER_PERMIT"",""SOURCE_ACTIVE_MECHANICAL_PERMIT""]","[""REPLACE_OR_RENEW_TOWER""]",[],CONFIRMED_TOWER_HISTORY_OR_UNDATED_NEED,"[""toronto-permit:20 165219 MSA""]",[],[],2020-09-22,True,False,,,"[""toronto_building_permits_active""]",2
toronto-geoid:7204478,CONFIRMED,2301 MIDLAND AVE,,,7204478,"[""chiller"",""cooling_tower""]","[""SOURCE_ACTIVE_COOLING_TOWER_PERMIT"",""SOURCE_ACTIVE_MECHANICAL_PERMIT""]","[""REPLACE_OR_RENEW_TOWER""]",[],CONFIRMED_TOWER_HISTORY_OR_UNDATED_NEED,"[""toronto-permit:17 220512 BLD""]",[],[],2017-09-29,True,False,,,"[""toronto_building_permits_active""]",2
toronto-geoid:7762637,CONFIRMED,25 GROSVENOR ST,,,7762637,"[""chiller"",""cooling_tower""]","[""SOURCE_ACTIVE_COOLING_TOWER_PERMIT"",""SOURCE_ACTIVE_MECHANICAL_PERMIT""]","[""INSTALL_OR_ADD_TOWER""]",[],CONFIRMED_TOWER_HISTORY_OR_UNDATED_NEED,"[""toronto-permit:14 259939 BLD""]",[],[],2014-12-05,True,False,,,"[""toronto_building_permits_active""]",2
toronto-geoid:8351164,CONFIRMED,25 THE ESPLANADE,,,8351164,"[""chiller"",""cooling_tower""]","[""SOURCE_ACTIVE_COOLING_TOWER_PERMIT"",""SOURCE_ACTIVE_MECHANICAL_PERMIT""]","[""REPLACE_OR_RENEW_TOWER""]",[],CONFIRMED_TOWER_HISTORY_OR_UNDATED_NEED,"[""toronto-permit:17 140238 MSA""]",[],[],2017-06-09,True,False,,,"[""toronto_building_permits_active""]",2
toronto-geoid:10757635,CONFIRMED,30 THE QUEENSWAY,,,10757635,"[""chiller"",""cooling_tower""]","[""SOURCE_ACTIVE_COOLING_TOWER_PERMIT"",""SOURCE_ACTIVE_MECHANICAL_PERMIT""]","[""REPLACE_OR_RENEW_TOWER""]",[],CONFIRMED_TOWER_HISTORY_OR_UNDATED_NEED,"[""toronto-permit:17 253386 BLD"",""toronto-permit:17 253386 HVA""]",[],[],2017-12-08,True,False,,,"[""toronto_building_permits_active""]",4
toronto-address:0fe02942cdb7892c,CONFIRMED,323 RICHMOND ST E,,,,"[""chiller"",""cooling_tower""]","[""SOURCE_ACTIVE_COOLING_TOWER_PERMIT"",""SOURCE_ACTIVE_MECHANICAL_PERMIT""]","[""REPLACE_OR_RENEW_TOWER""]",[],CONFIRMED_TOWER_HISTORY_OR_UNDATED_NEED,"[""toronto-permit:23 216429 MSA""]",[],[],2023-10-26,True,False,,,"[""toronto_building_permits_active""]",2
toronto-geoid:509769,CONFIRMED,3401 DUFFERIN ST,,,509769,"[""chiller"",""cooling_tower""]","[""SOURCE_ACTIVE_COOLING_TOWER_PERMIT"",""SOURCE_ACTIVE_MECHANICAL_PERMIT""]","[""REPLACE_OR_RENEW_TOWER""]",[],CONFIRMED_TOWER_HISTORY_OR_UNDATED_NEED,"[""toronto-permit:18 107026 BLD"",""toronto-permit:18 107026 HVA"",""toronto-permit:18 107026 PLB""]",[],[],2018-02-09,True,False,,,"[""toronto_building_permits_active""]",6
toronto-geoid:7730109,CONFIRMED,380 VICTORIA ST,,,7730109,"[""chiller"",""cooling_tower""]","[""SOURCE_ACTIVE_COOLING_TOWER_PERMIT"",""SOURCE_ACTIVE_MECHANICAL_PERMIT"",""COOLING_TOWER_PROJECT_HISTORY"",""HISTORICAL_MECHANICAL_PROJECT""]","[""REPLACE_OR_RENEW_TOWER""]",[],CONFIRMED_TOWER_HISTORY_OR_UNDATED_NEED,"[""toronto-permit:11 307336 BLD"",""toronto-permit:11 307336 HVA""]",[],[],2025-08-18,True,False,,,"[""toronto_building_permits_active"",""toronto_building_permits_cleared""]",8
toronto-geoid:12167660,CONFIRMED,4905 DUFFERIN ST,,,12167660,"[""chiller"",""cooling_tower""]","[""SOURCE_ACTIVE_COOLING_TOWER_PERMIT"",""SOURCE_ACTIVE_MECHANICAL_PERMIT""]","[""ALTER_REPAIR_OR_UPGRADE_TOWER""]",[],CONFIRMED_TOWER_HISTORY_OR_UNDATED_NEED,"[""toronto-permit:18 227566 MSA""]",[],[],2018-10-29,True,False,,,"[""toronto_building_permits_active""]",2
toronto-address:e594fd4f2a055b06,CONFIRMED,50 OAK ST,,,,"[""chiller"",""cooling_tower""]","[""RECENT_SOURCE_ACTIVE_COOLING_TOWER_PERMIT"",""RECENT_SOURCE_ACTIVE_MECHANICAL_PERMIT""]","[""INSTALL_OR_ADD_TOWER""]","[""INSTALL_OR_ADD_TOWER""]",NEW_OR_EXPANDED_TOWER_SIGNAL,"[""toronto-permit:26 102675 MSA""]","[""toronto-permit:26 102675 MSA""]",[],2026-02-09,True,True,2026-02-09,,"[""toronto_building_permits_active""]",2
toronto-geoid:20055459,CONFIRMED,50 ROSEHILL AVE,,,20055459,"[""chiller"",""cooling_tower""]","[""RECENT_SOURCE_ACTIVE_COOLING_TOWER_PERMIT"",""RECENT_SOURCE_ACTIVE_MECHANICAL_PERMIT""]","[""RETIRE_OR_CONVERT_AWAY_FROM_TOWER""]","[""RETIRE_OR_CONVERT_AWAY_FROM_TOWER""]",VERIFY_RETIREMENT_OR_CONVERSION_NOT_NEW_TOWER_LEAD,"[""toronto-permit:25 219194 MSA""]","[""toronto-permit:25 219194 MSA""]",[],2025-09-11,True,True,2025-09-11,"{""source_key"":""toronto_apartment_building_registration"",""source_url"":""https://open.toronto.ca/dataset/apartment-building-registration/"",""rsn"":""4153745"",""site_address"":""50 ROSEHILL AVE"",""postal_code"":""M4T"",""property_management_company"":""HOMESTEAD LAND HOLDINGS LIMITED"",""property_type"":""PRIVATE"",""confirmed_storeys"":23,""confirmed_units"":245,""year_built"":1969,""year_registered"":2017,""air_conditioning_type"":""CENTRAL AIR"",""heating_type"":""HOT WATER"",""heating_equipment_status"":""REPLACED"",""heating_equipment_year_installed"":2008,""date_of_last_inspection_by_tssa"":""AUG 1, 2016"",""tssa_test_records"":""YES"",""cooling_room"":null,""match_basis"":""EXACT_CANONICAL_MUNICIPAL_ADDRESS"",""canonical_address"":""50 ROSEHILL AVE""}","[""toronto_building_permits_active""]",2
toronto-geoid:8351177,CONFIRMED,55 THE ESPLANADE,,,8351177,"[""chiller"",""cooling_tower""]","[""SOURCE_ACTIVE_COOLING_TOWER_PERMIT"",""SOURCE_ACTIVE_MECHANICAL_PERMIT""]","[""REPLACE_OR_RENEW_TOWER""]",[],CONFIRMED_TOWER_HISTORY_OR_UNDATED_NEED,"[""toronto-permit:10 134639 MSA""]",[],[],2010-03-30,True,False,,"{""source_key"":""toronto_apartment_building_registration"",""source_url"":""https://open.toronto.ca/dataset/apartment-building-registration/"",""rsn"":""4153381"",""site_address"":""55 THE ESPLANADE"",""postal_code"":""M5E"",""property_management_company"":""TORONTO COMMUNITY HOUSING CORPORATION"",""property_type"":""TCHC"",""confirmed_storeys"":12,""confirmed_units"":166,""year_built"":1983,""year_registered"":2017,""air_conditioning_type"":""NONE"",""heating_type"":""HOT WATER"",""heating_equipment_status"":""ORIGINAL"",""heating_equipment_year_installed"":1983,""date_of_last_inspection_by_tssa"":""NOV 25, 2015"",""tssa_test_records"":""YES"",""cooling_room"":null,""match_basis"":""EXACT_CANONICAL_MUNICIPAL_ADDRESS"",""canonical_address"":""55 THE ESPLANADE""}","[""toronto_building_permits_active""]",2
toronto-geoid:20362101,CONFIRMED,620 DUNDAS ST E,,,20362101,"[""chiller"",""cooling_tower""]","[""RECENT_SOURCE_ACTIVE_COOLING_TOWER_PERMIT"",""RECENT_SOURCE_ACTIVE_MECHANICAL_PERMIT""]","[""INSTALL_OR_ADD_TOWER""]","[""INSTALL_OR_ADD_TOWER""]",NEW_OR_EXPANDED_TOWER_SIGNAL,"[""toronto-permit:26 102675 MSA"",""toronto-permit:26 102725 PSA""]","[""toronto-permit:26 102675 MSA"",""toronto-permit:26 102725 PSA""]",[],2026-08-21,True,True,2026-08-21,,"[""toronto_building_permits_active""]",6
toronto-geoid:3569436,CONFIRMED,7 BISHOP AVE,,,3569436,"[""chiller"",""cooling_tower""]","[""SOURCE_ACTIVE_COOLING_TOWER_PERMIT"",""SOURCE_ACTIVE_MECHANICAL_PERMIT""]","[""REPLACE_OR_RENEW_TOWER""]",[],CONFIRMED_TOWER_HISTORY_OR_UNDATED_NEED,"[""toronto-permit:19 111480 MSA""]",[],[],2019-02-27,True,False,,,"[""toronto_building_permits_active""]",2
toronto-geoid:8155599,CONFIRMED,700 EGLINTON AVE W,,,8155599,"[""chiller"",""cooling_tower""]","[""SOURCE_ACTIVE_COOLING_TOWER_PERMIT"",""SOURCE_ACTIVE_MECHANICAL_PERMIT""]","[""REPLACE_OR_RENEW_TOWER""]",[],CONFIRMED_TOWER_HISTORY_OR_UNDATED_NEED,"[""toronto-permit:16 193795 MSA""]",[],[],2016-09-08,True,False,,,"[""toronto_building_permits_active""]",2
toronto-geoid:507981,CONFIRMED,703 DON MILLS RD,,,507981,"[""chiller"",""cooling_tower""]","[""SOURCE_ACTIVE_COOLING_TOWER_PERMIT"",""SOURCE_ACTIVE_MECHANICAL_PERMIT""]","[""REPLACE_OR_RENEW_TOWER""]",[],CONFIRMED_TOWER_HISTORY_OR_UNDATED_NEED,"[""toronto-permit:14 125487 BLD"",""toronto-permit:14 125487 HVA""]",[],[],2014-12-18,True,False,,,"[""toronto_building_permits_active""]",4
toronto-geoid:8127974,CONFIRMED,89 HUMBER COLLEGE BLVD,,,8127974,"[""chiller"",""cooling_tower""]","[""SOURCE_ACTIVE_COOLING_TOWER_PERMIT"",""SOURCE_ACTIVE_MECHANICAL_PERMIT""]","[""REPLACE_OR_RENEW_TOWER""]",[],CONFIRMED_TOWER_HISTORY_OR_UNDATED_NEED,"[""toronto-permit:12 148282 BLD""]",[],[],2012-06-13,True,False,,,"[""toronto_building_permits_active""]",2
toronto-geoid:4153974,CONFIRMED,10 GUILDWOOD PKWY,,,4153974,"[""chiller"",""cooling_tower""]","[""COOLING_TOWER_PROJECT_HISTORY"",""HISTORICAL_MECHANICAL_PROJECT""]","[""REPLACE_OR_RENEW_TOWER""]",[],CONFIRMED_TOWER_HISTORY_OR_UNDATED_NEED,"[""toronto-permit:16 241073 MSA""]",[],[],2017-06-01,False,False,,,"[""toronto_building_permits_cleared""]",2
toronto-geoid:14038411,CONFIRMED,1040 DUFFERIN ST,,,14038411,"[""chiller"",""cooling_tower""]","[""COOLING_TOWER_PROJECT_HISTORY"",""HISTORICAL_MECHANICAL_PROJECT""]","[""REPLACE_OR_RENEW_TOWER""]",[],CONFIRMED_TOWER_HISTORY_OR_UNDATED_NEED,"[""toronto-permit:22 100336 MSA""]",[],[],2024-01-05,False,False,,,"[""toronto_building_permits_cleared""]",2
toronto-geoid:20258361,CONFIRMED,171 FRONT ST W,,,20258361,"[""chiller"",""cooling_tower""]","[""COOLING_TOWER_PROJECT_HISTORY"",""HISTORICAL_MECHANICAL_PROJECT""]","[""ALTER_REPAIR_OR_UPGRADE_TOWER"",""INSTALL_OR_ADD_TOWER""]",[],CONFIRMED_TOWER_HISTORY_OR_UNDATED_NEED,"[""toronto-permit:17 183143 BLD"",""toronto-permit:17 183143 HVA"",""toronto-permit:17 183143 PLB""]",[],[],2023-06-12,False,False,,,"[""toronto_building_permits_cleared""]",6
toronto-geoid:8206111,CONFIRMED,200 EGLINTON AVE W,,,8206111,"[""chiller"",""cooling_tower""]","[""COOLING_TOWER_PROJECT_HISTORY"",""HISTORICAL_MECHANICAL_PROJECT""]","[""REPLACE_OR_RENEW_TOWER""]",[],CONFIRMED_TOWER_HISTORY_OR_UNDATED_NEED,"[""toronto-permit:17 138724 BLD"",""toronto-permit:17 138724 FSU"",""toronto-permit:17 138724 HVA"",""toronto-permit:17 138724 PLB""]",[],[],2019-05-15,False,False,,,"[""toronto_building_permits_cleared""]",8
toronto-geoid:14601706,CONFIRMED,21 HILLCREST AVE,,,14601706,"[""chiller"",""cooling_tower""]","[""COOLING_TOWER_PROJECT_HISTORY"",""HISTORICAL_MECHANICAL_PROJECT""]","[""INSTALL_OR_ADD_TOWER""]",[],CONFIRMED_TOWER_HISTORY_OR_UNDATED_NEED,"[""toronto-permit:18 189994 MSA""]",[],[],2018-12-06,False,False,,,"[""toronto_building_permits_cleared""]",2
toronto-geoid:772764,CONFIRMED,246 BLOOR ST W,,,772764,"[""chiller"",""cooling_tower""]","[""COOLING_TOWER_PROJECT_HISTORY"",""HISTORICAL_MECHANICAL_PROJECT""]","[""INSTALL_OR_ADD_TOWER""]",[],CONFIRMED_TOWER_HISTORY_OR_UNDATED_NEED,"[""toronto-permit:16 101967 BLD"",""toronto-permit:16 101967 HVA"",""toronto-permit:16 101967 PLB""]",[],[],2018-01-26,False,False,,,"[""toronto_building_permits_cleared""]",6
toronto-geoid:14674985,CONFIRMED,270 MILAN ST,,,14674985,"[""chiller"",""cooling_tower""]","[""COOLING_TOWER_PROJECT_HISTORY"",""HISTORICAL_MECHANICAL_PROJECT""]","[""REPLACE_OR_RENEW_TOWER""]",[],CONFIRMED_TOWER_HISTORY_OR_UNDATED_NEED,"[""toronto-permit:23 147719 MSA""]",[],[],2024-05-13,False,False,,"{""source_key"":""toronto_apartment_building_registration"",""source_url"":""https://open.toronto.ca/dataset/apartment-building-registration/"",""rsn"":""4286300"",""site_address"":""270 MILAN ST"",""postal_code"":null,""property_management_company"":""ST. JUDE COMMUNITY HOMES"",""property_type"":""SOCIAL HOUSING"",""confirmed_storeys"":3,""confirmed_units"":30,""year_built"":2005,""year_registered"":2018,""air_conditioning_type"":""CENTRAL AIR"",""heating_type"":""FORCED AIR GAS"",""heating_equipment_status"":""ORIGINAL"",""heating_equipment_year_installed"":2005,""date_of_last_inspection_by_tssa"":""OCT 1, 2017"",""tssa_test_records"":""YES"",""cooling_room"":null,""match_basis"":""EXACT_CANONICAL_MUNICIPAL_ADDRESS"",""canonical_address"":""270 MILAN ST""}","[""toronto_building_permits_cleared""]",2
toronto-geoid:3993557,CONFIRMED,298 JARVIS ST,,,3993557,"[""chiller"",""cooling_tower""]","[""COOLING_TOWER_PROJECT_HISTORY"",""HISTORICAL_MECHANICAL_PROJECT""]","[""RETIRE_OR_CONVERT_AWAY_FROM_TOWER""]",[],CONFIRMED_TOWER_HISTORY_OR_UNDATED_NEED,"[""toronto-permit:18 186589 BLD""]",[],[],2025-06-13,False,False,,,"[""toronto_building_permits_cleared""]",2
toronto-geoid:6868910,CONFIRMED,319 MERTON ST,,,6868910,"[""chiller"",""cooling_tower""]","[""COOLING_TOWER_PROJECT_HISTORY"",""HISTORICAL_MECHANICAL_PROJECT""]","[""REPLACE_OR_RENEW_TOWER""]",[],CONFIRMED_TOWER_HISTORY_OR_UNDATED_NEED,"[""toronto-permit:25 153112 MSA""]",[],[],2025-11-20,False,False,,,"[""toronto_building_permits_cleared""]",2
toronto-geoid:871468,CONFIRMED,355 ST CLAIR AVE W,,,871468,"[""chiller"",""cooling_tower""]","[""COOLING_TOWER_PROJECT_HISTORY"",""HISTORICAL_MECHANICAL_PROJECT""]","[""REPLACE_OR_RENEW_TOWER""]",[],CONFIRMED_TOWER_HISTORY_OR_UNDATED_NEED,"[""toronto-permit:21 246868 BLD"",""toronto-permit:21 246868 HVA"",""toronto-permit:21 246868 PLB""]",[],[],2024-10-24,False,False,,"{""source_key"":""toronto_apartment_building_registration"",""source_url"":""https://open.toronto.ca/dataset/apartment-building-registration/"",""rsn"":""4153342"",""site_address"":""355 ST CLAIR AVE W"",""postal_code"":""M5P"",""property_management_company"":""CAPREIT"",""property_type"":""PRIVATE"",""confirmed_storeys"":24,""confirmed_units"":168,""year_built"":1969,""year_registered"":2017,""air_conditioning_type"":""CENTRAL AIR"",""heating_type"":""HOT WATER"",""heating_equipment_status"":""REPLACED"",""heating_equipment_year_installed"":2003,""date_of_last_inspection_by_tssa"":""JUN 9, 2017"",""tssa_test_records"":""YES"",""cooling_room"":null,""match_basis"":""EXACT_CANONICAL_MUNICIPAL_ADDRESS"",""canonical_address"":""355 ST CLAIR AVE W""}","[""toronto_building_permits_cleared""]",6
toronto-geoid:13501524,CONFIRMED,555 FINCH AVE W,,,13501524,"[""chiller"",""cooling_tower""]","[""COOLING_TOWER_PROJECT_HISTORY"",""HISTORICAL_MECHANICAL_PROJECT""]","[""REPLACE_OR_RENEW_TOWER""]",[],CONFIRMED_TOWER_HISTORY_OR_UNDATED_NEED,"[""toronto-permit:20 186423 BLD""]",[],[],2024-02-02,False,False,,,"[""toronto_building_permits_cleared""]",6
toronto-geoid:14078150,CONFIRMED,61 YORKVILLE AVE,,,14078150,"[""chiller"",""cooling_tower""]","[""COOLING_TOWER_PROJECT_HISTORY"",""HISTORICAL_MECHANICAL_PROJECT""]","[""RETIRE_OR_CONVERT_AWAY_FROM_TOWER""]",[],CONFIRMED_TOWER_HISTORY_OR_UNDATED_NEED,"[""toronto-permit:24 176926 BLD"",""toronto-permit:24 176926 HVA""]",[],[],2025-05-15,False,False,,,"[""toronto_building_permits_cleared""]",6
toronto-geoid:568395,CONFIRMED,8 THE DONWAY E,,,568395,"[""chiller"",""cooling_tower""]","[""COOLING_TOWER_PROJECT_HISTORY"",""HISTORICAL_MECHANICAL_PROJECT""]","[""RETIRE_OR_CONVERT_AWAY_FROM_TOWER""]",[],CONFIRMED_TOWER_HISTORY_OR_UNDATED_NEED,"[""toronto-permit:20 211644 MSA""]",[],[],2021-07-02,False,False,,,"[""toronto_building_permits_cleared""]",2
toronto-geoid:6727800,CONFIRMED,888 BIRCHMOUNT RD,,,6727800,"[""chiller"",""cooling_tower""]","[""COOLING_TOWER_PROJECT_HISTORY"",""HISTORICAL_MECHANICAL_PROJECT""]","[""RETIRE_OR_CONVERT_AWAY_FROM_TOWER""]",[],CONFIRMED_TOWER_HISTORY_OR_UNDATED_NEED,"[""toronto-permit:18 177761 BLD"",""toronto-permit:18 177761 HVA""]",[],[],2025-03-14,False,False,,,"[""toronto_building_permits_cleared""]",4
toronto-geoid:10663925,NO_TOWER_ASSERTION,1 AUSTIN TER,,,10663925,"[""chiller""]","[""SOURCE_ACTIVE_MECHANICAL_PERMIT""]",[],[],NO_TOWER_ASSERTION,[],[],[],2016-10-19,True,False,,,"[""toronto_building_permits_active""]",1
toronto-geoid:6666985,NO_TOWER_ASSERTION,1 CHURCH ST,,,6666985,"[""chiller""]","[""SOURCE_ACTIVE_MECHANICAL_PERMIT"",""HISTORICAL_MECHANICAL_PROJECT""]",[],[],NO_TOWER_ASSERTION,[],[],[],2021-12-07,True,False,,"{""source_key"":""toronto_apartment_building_registration"",""source_url"":""https://open.toronto.ca/dataset/apartment-building-registration/"",""rsn"":""4155595"",""site_address"":""1 CHURCH ST"",""postal_code"":""M5E"",""property_management_company"":""TORONTO COMMUNITY HOUSING CORPORATION"",""property_type"":""TCHC"",""confirmed_storeys"":13,""confirmed_units"":115,""year_built"":1996,""year_registered"":2017,""air_conditioning_type"":""NONE"",""heating_type"":""HOT WATER"",""heating_equipment_status"":""ORIGINAL"",""heating_equipment_year_installed"":1996,""date_of_last_inspection_by_tssa"":""MAR 28, 2016"",""tssa_test_records"":""YES"",""cooling_room"":null,""match_basis"":""EXACT_CANONICAL_MUNICIPAL_ADDRESS"",""canonical_address"":""1 CHURCH ST""}","[""toronto_building_permits_active"",""toronto_building_permits_cleared""]",2
toronto-geoid:8087262,NO_TOWER_ASSERTION,1 HARBOUR SQ,,,8087262,"[""chiller""]","[""SOURCE_ACTIVE_MECHANICAL_PERMIT""]",[],[],NO_TOWER_ASSERTION,[],[],[],2017-03-27,True,False,,,"[""toronto_building_permits_active""]",1
toronto-geoid:8133817,NO_TOWER_ASSERTION,1 WARRENDALE CRT,,,8133817,"[""chiller""]","[""SOURCE_ACTIVE_MECHANICAL_PERMIT""]",[],[],NO_TOWER_ASSERTION,[],[],[],2015-03-12,True,False,,,"[""toronto_building_permits_active""]",1
toronto-geoid:8677414,NO_TOWER_ASSERTION,10 WELLINGTON ST E,,,8677414,"[""chiller""]","[""SOURCE_ACTIVE_MECHANICAL_PERMIT"",""HISTORICAL_MECHANICAL_PROJECT""]",[],[],NO_TOWER_ASSERTION,[],[],[],2026-06-08,True,False,,,"[""toronto_building_permits_active"",""toronto_building_permits_cleared""]",2
toronto-geoid:8708498,NO_TOWER_ASSERTION,10 YONGE ST,,,8708498,"[""chiller""]","[""RECENT_SOURCE_ACTIVE_MECHANICAL_PERMIT"",""SOURCE_ACTIVE_MECHANICAL_PERMIT""]",[],[],NO_TOWER_ASSERTION,[],[],[],2025-09-19,True,True,2025-09-19,,"[""toronto_building_permits_active""]",2
toronto-geoid:14188741,NO_TOWER_ASSERTION,10-20 BAY ST,,,14188741,"[""chiller""]","[""SOURCE_ACTIVE_MECHANICAL_PERMIT"",""HISTORICAL_MECHANICAL_PROJECT""]",[],[],NO_TOWER_ASSERTION,[],[],[],2023-04-12,True,False,,,"[""toronto_building_permits_active"",""toronto_building_permits_cleared""]",2
toronto-geoid:7929398,NO_TOWER_ASSERTION,100 KING ST W,,,7929398,"[""chiller""]","[""SOURCE_ACTIVE_MECHANICAL_PERMIT""]",[],[],NO_TOWER_ASSERTION,[],[],[],2010-04-26,True,False,,,"[""toronto_building_permits_active""]",1
toronto-geoid:856375,NO_TOWER_ASSERTION,100 QUEEN ST W,,,856375,"[""chiller""]","[""SOURCE_ACTIVE_MECHANICAL_PERMIT""]",[],[],NO_TOWER_ASSERTION,[],[],[],1997-12-18,True,False,,,"[""toronto_building_permits_active""]",1
toronto-geoid:785208,NO_TOWER_ASSERTION,101 COLLEGE ST,,,785208,"[""chiller""]","[""SOURCE_ACTIVE_MECHANICAL_PERMIT""]",[],[],NO_TOWER_ASSERTION,[],[],[],2010-05-13,True,False,,,"[""toronto_building_permits_active""]",3
toronto-geoid:7929297,NO_TOWER_ASSERTION,107 WELLINGTON ST W,,,7929297,"[""chiller""]","[""SOURCE_ACTIVE_MECHANICAL_PERMIT""]",[],[],NO_TOWER_ASSERTION,[],[],[],2013-05-07,True,False,,,"[""toronto_building_permits_active""]",2
toronto-geoid:10759047,NO_TOWER_ASSERTION,11 WALMER RD,,,10759047,"[""chiller""]","[""SOURCE_ACTIVE_MECHANICAL_PERMIT""]",[],[],NO_TOWER_ASSERTION,[],[],[],2022-10-28,True,False,,"{""source_key"":""toronto_apartment_building_registration"",""source_url"":""https://open.toronto.ca/dataset/apartment-building-registration/"",""rsn"":""4153173"",""site_address"":""11 WALMER RD"",""postal_code"":""M5R"",""property_management_company"":""CROMEWLL MANAGEMENT INC."",""property_type"":""PRIVATE"",""confirmed_storeys"":7,""confirmed_units"":63,""year_built"":1965,""year_registered"":2017,""air_conditioning_type"":""NONE"",""heating_type"":""HOT WATER"",""heating_equipment_status"":""ORIGINAL"",""heating_equipment_year_installed"":1965,""date_of_last_inspection_by_tssa"":""NOV 6, 2015"",""tssa_test_records"":""YES"",""cooling_room"":null,""match_basis"":""EXACT_CANONICAL_MUNICIPAL_ADDRESS"",""canonical_address"":""11 WALMER RD""}","[""toronto_building_permits_active""]",1
toronto-geoid:7274128,NO_TOWER_ASSERTION,110 DREWRY AVE,,,7274128,"[""chiller""]","[""SOURCE_ACTIVE_MECHANICAL_PERMIT""]",[],[],NO_TOWER_ASSERTION,[],[],[],2012-03-15,True,False,,,"[""toronto_building_permits_active""]",1
toronto-geoid:873387,NO_TOWER_ASSERTION,110 ST GEORGE ST,,,873387,"[""chiller""]","[""SOURCE_ACTIVE_MECHANICAL_PERMIT"",""HISTORICAL_MECHANICAL_PROJECT""]",[],[],NO_TOWER_ASSERTION,[],[],[],2026-05-12,True,False,,,"[""toronto_building_permits_active"",""toronto_building_permits_cleared""]",2
toronto-geoid:852873,NO_TOWER_ASSERTION,120 PEARL ST,,,852873,"[""chiller""]","[""SOURCE_ACTIVE_MECHANICAL_PERMIT"",""HISTORICAL_MECHANICAL_PROJECT""]",[],[],NO_TOWER_ASSERTION,[],[],[],2021-07-27,True,False,,,"[""toronto_building_permits_active"",""toronto_building_permits_cleared""]",6
toronto-geoid:772677,NO_TOWER_ASSERTION,121 BLOOR ST E,,,772677,"[""chiller""]","[""SOURCE_ACTIVE_MECHANICAL_PERMIT""]",[],[],NO_TOWER_ASSERTION,[],[],[],2017-12-07,True,False,,,"[""toronto_building_permits_active""]",1
toronto-geoid:10750671,NO_TOWER_ASSERTION,130 OVERLEA BLVD,,,10750671,"[""chiller""]","[""RECENT_SOURCE_ACTIVE_MECHANICAL_PERMIT"",""SOURCE_ACTIVE_MECHANICAL_PERMIT""]",[],[],NO_TOWER_ASSERTION,[],[],[],2025-09-08,True,True,2025-09-08,,"[""toronto_building_permits_active""]",2
toronto-geoid:14200071,NO_TOWER_ASSERTION,130 QUEEN ST W,,,14200071,"[""chiller""]","[""SOURCE_ACTIVE_MECHANICAL_PERMIT"",""HISTORICAL_MECHANICAL_PROJECT""]",[],[],NO_TOWER_ASSERTION,[],[],[],2026-06-08,True,False,,,"[""toronto_building_permits_active"",""toronto_building_permits_cleared""]",3
toronto-geoid:6282913,NO_TOWER_ASSERTION,150 SHERWAY DR,,,6282913,"[""chiller""]","[""SOURCE_ACTIVE_MECHANICAL_PERMIT""]",[],[],NO_TOWER_ASSERTION,[],[],[],2017-02-17,True,False,,,"[""toronto_building_permits_active""]",2
toronto-geoid:8105939,NO_TOWER_ASSERTION,16 RUSSELL ST,,,8105939,"[""chiller""]","[""SOURCE_ACTIVE_MECHANICAL_PERMIT""]",[],[],NO_TOWER_ASSERTION,[],[],[],2020-08-27,True,False,,,"[""toronto_building_permits_active""]",3
toronto-geoid:321805,NO_TOWER_ASSERTION,161 COMMANDER BLVD,,,321805,"[""chiller""]","[""SOURCE_ACTIVE_MECHANICAL_PERMIT""]",[],[],NO_TOWER_ASSERTION,[],[],[],2006-10-10,True,False,,,"[""toronto_building_permits_active""]",1
toronto-geoid:4030670,NO_TOWER_ASSERTION,170 ST GEORGE ST,,,4030670,"[""chiller""]","[""RECENT_SOURCE_ACTIVE_MECHANICAL_PERMIT""]",[],[],NO_TOWER_ASSERTION,[],[],[],2026-08-19,True,True,2026-08-19,,"[""toronto_building_permits_active""]",1
toronto-geoid:3327203,NO_TOWER_ASSERTION,1755 STEELES AVE W,,,3327203,"[""chiller""]","[""RECENT_SOURCE_ACTIVE_MECHANICAL_PERMIT""]",[],[],NO_TOWER_ASSERTION,[],[],[],2026-07-15,True,True,2026-07-15,,"[""toronto_building_permits_active""]",1
toronto-geoid:12601262,NO_TOWER_ASSERTION,190 SIMCOE ST,,,12601262,"[""chiller""]","[""SOURCE_ACTIVE_MECHANICAL_PERMIT""]",[],[],NO_TOWER_ASSERTION,[],[],[],2011-05-19,True,False,,,"[""toronto_building_permits_active""]",1
toronto-geoid:10154617,NO_TOWER_ASSERTION,1900 SHEPPARD AVE W,,,10154617,"[""chiller""]","[""SOURCE_ACTIVE_MECHANICAL_PERMIT"",""HISTORICAL_MECHANICAL_PROJECT""]",[],[],NO_TOWER_ASSERTION,[],[],[],2025-12-10,True,False,,"{""source_key"":""toronto_apartment_building_registration"",""source_url"":""https://open.toronto.ca/dataset/apartment-building-registration/"",""rsn"":""4154243"",""site_address"":""1900 SHEPPARD AVE W"",""postal_code"":""M3L"",""property_management_company"":""TORONTO COMMUNITY HOUSING CORPORATION"",""property_type"":""TCHC"",""confirmed_storeys"":4,""confirmed_units"":27,""year_built"":2008,""year_registered"":2017,""air_conditioning_type"":""NONE"",""heating_type"":""HOT WATER"",""heating_equipment_status"":""ORIGINAL"",""heating_equipment_year_installed"":2008,""date_of_last_inspection_by_tssa"":""MAY 17, 2017"",""tssa_test_records"":""YES"",""cooling_room"":null,""match_basis"":""EXACT_CANONICAL_MUNICIPAL_ADDRESS"",""canonical_address"":""1900 SHEPPARD AVE W""}","[""toronto_building_permits_active"",""toronto_building_permits_cleared""]",2
toronto-geoid:8535820,NO_TOWER_ASSERTION,2 BLOOR ST E,,,8535820,"[""chiller""]","[""RECENT_SOURCE_ACTIVE_MECHANICAL_PERMIT"",""SOURCE_ACTIVE_MECHANICAL_PERMIT"",""HISTORICAL_MECHANICAL_PROJECT""]",[],[],NO_TOWER_ASSERTION,[],[],[],2026-07-28,True,True,2026-05-27,,"[""toronto_building_permits_active"",""toronto_building_permits_cleared""]",6
toronto-geoid:874651,NO_TOWER_ASSERTION,2 STRACHAN AVE,,,874651,"[""chiller""]","[""SOURCE_ACTIVE_MECHANICAL_PERMIT""]",[],[],NO_TOWER_ASSERTION,[],[],[],2017-01-09,True,False,,,"[""toronto_building_permits_active""]",2
toronto-geoid:20573,NO_TOWER_ASSERTION,200 DAWES RD,,,20573,"[""chiller""]","[""SOURCE_ACTIVE_MECHANICAL_PERMIT""]",[],[],NO_TOWER_ASSERTION,[],[],[],2007-08-27,True,False,,,"[""toronto_building_permits_active""]",2
toronto-geoid:13977191,NO_TOWER_ASSERTION,222 BREMNER BLVD,,,13977191,"[""chiller"",""condenser_water""]","[""SOURCE_ACTIVE_MECHANICAL_PERMIT"",""HISTORICAL_MECHANICAL_PROJECT""]",[],[],NO_TOWER_ASSERTION,[],[],[],2021-04-28,True,False,,,"[""toronto_building_permits_active"",""toronto_building_permits_cleared""]",5
toronto-geoid:8354416,NO_TOWER_ASSERTION,230 THE ESPLANADE,,,8354416,"[""chiller""]","[""SOURCE_ACTIVE_MECHANICAL_PERMIT""]",[],[],NO_TOWER_ASSERTION,[],[],[],2025-06-25,True,False,,,"[""toronto_building_permits_active""]",2
toronto-geoid:7042041,NO_TOWER_ASSERTION,24 MABELLE AVE,,,7042041,"[""chiller""]","[""SOURCE_ACTIVE_MECHANICAL_PERMIT""]",[],[],NO_TOWER_ASSERTION,[],[],[],2012-02-08,True,False,,"{""source_key"":""toronto_apartment_building_registration"",""source_url"":""https://open.toronto.ca/dataset/apartment-building-registration/"",""rsn"":""4155303"",""site_address"":""24 MABELLE AVE"",""postal_code"":""M9A"",""property_management_company"":""COMPTEN MANAGEMENT INC."",""property_type"":""PRIVATE"",""confirmed_storeys"":36,""confirmed_units"":540,""year_built"":1973,""year_registered"":2017,""air_conditioning_type"":""CENTRAL AIR"",""heating_type"":""FORCED AIR GAS"",""heating_equipment_status"":""REPLACED"",""heating_equipment_year_installed"":2016,""date_of_last_inspection_by_tssa"":""JAN 15, 2017"",""tssa_test_records"":""NO"",""cooling_room"":null,""match_basis"":""EXACT_CANONICAL_MUNICIPAL_ADDRESS"",""canonical_address"":""24 MABELLE AVE""}","[""toronto_building_permits_active""]",1
toronto-geoid:20120574,NO_TOWER_ASSERTION,246 SACKVILLE ST,,,20120574,"[""chiller""]","[""SOURCE_ACTIVE_MECHANICAL_PERMIT""]",[],[],NO_TOWER_ASSERTION,[],[],[],2019-07-12,True,False,,"{""source_key"":""toronto_apartment_building_registration"",""source_url"":""https://open.toronto.ca/dataset/apartment-building-registration/"",""rsn"":""4155823"",""site_address"":""246 SACKVILLE ST"",""postal_code"":null,""property_management_company"":""TCH"",""property_type"":""TCHC"",""confirmed_storeys"":8,""confirmed_units"":61,""year_built"":2009,""year_registered"":2017,""air_conditioning_type"":""NONE"",""heating_type"":""HOT WATER"",""heating_equipment_status"":""ORIGINAL"",""heating_equipment_year_installed"":2009,""date_of_last_inspection_by_tssa"":""MAR 28, 2017"",""tssa_test_records"":""YES"",""cooling_room"":null,""match_basis"":""EXACT_CANONICAL_MUNICIPAL_ADDRESS"",""canonical_address"":""246 SACKVILLE ST""}","[""toronto_building_permits_active""]",1
toronto-geoid:5222597,NO_TOWER_ASSERTION,25 BRUCEWOOD CRES,,,5222597,"[""chiller""]","[""SOURCE_ACTIVE_MECHANICAL_PERMIT"",""HISTORICAL_MECHANICAL_PROJECT""]",[],[],NO_TOWER_ASSERTION,[],[],[],2022-01-11,True,False,,,"[""toronto_building_permits_active"",""toronto_building_permits_cleared""]",3
toronto-geoid:10906700,NO_TOWER_ASSERTION,25 ELM ST,,,10906700,"[""chiller""]","[""SOURCE_ACTIVE_MECHANICAL_PERMIT""]",[],[],NO_TOWER_ASSERTION,[],[],[],2017-06-01,True,False,,"{""source_key"":""toronto_apartment_building_registration"",""source_url"":""https://open.toronto.ca/dataset/apartment-building-registration/"",""rsn"":""4153460"",""site_address"":""25 ELM ST"",""postal_code"":""M5G"",""property_management_company"":""TORONTO COMMUNITY HOUSING CORPORATION"",""property_type"":""TCHC"",""confirmed_storeys"":16,""confirmed_units"":101,""year_built"":1985,""year_registered"":2017,""air_conditioning_type"":""NONE"",""heating_type"":""HOT WATER"",""heating_equipment_status"":""ORIGINAL"",""heating_equipment_year_installed"":1985,""date_of_last_inspection_by_tssa"":""OCT 4, 2016"",""tssa_test_records"":""YES"",""cooling_room"":null,""match_basis"":""EXACT_CANONICAL_MUNICIPAL_ADDRESS"",""canonical_address"":""25 ELM ST""}","[""toronto_building_permits_active""]",1
toronto-geoid:6168206,NO_TOWER_ASSERTION,25 HENRY LANE TER,,,6168206,"[""chiller""]","[""SOURCE_ACTIVE_MECHANICAL_PERMIT""]",[],[],NO_TOWER_ASSERTION,[],[],[],2021-11-22,True,False,,"{""source_key"":""toronto_apartment_building_registration"",""source_url"":""https://open.toronto.ca/dataset/apartment-building-registration/"",""rsn"":""4153385"",""site_address"":""25 HENRY LANE TER"",""postal_code"":""M5A"",""property_management_company"":""TORONTO COMMUNITY HOUSING CORPORATION"",""property_type"":""TCHC"",""confirmed_storeys"":6,""confirmed_units"":196,""year_built"":1979,""year_registered"":2017,""air_conditioning_type"":""NONE"",""heating_type"":""HOT WATER"",""heating_equipment_status"":""ORIGINAL"",""heating_equipment_year_installed"":1979,""date_of_last_inspection_by_tssa"":""DEC 8, 2016"",""tssa_test_records"":""YES"",""cooling_room"":null,""match_basis"":""EXACT_CANONICAL_MUNICIPAL_ADDRESS"",""canonical_address"":""25 HENRY LANE TER""}","[""toronto_building_permits_active""]",1
toronto-geoid:7042042,NO_TOWER_ASSERTION,25 MABELLE AVE,,,7042042,"[""chiller""]","[""SOURCE_ACTIVE_MECHANICAL_PERMIT""]",[],[],NO_TOWER_ASSERTION,[],[],[],2012-02-08,True,False,,"{""source_key"":""toronto_apartment_building_registration"",""source_url"":""https://open.toronto.ca/dataset/apartment-building-registration/"",""rsn"":""4155307"",""site_address"":""25 MABELLE AVE"",""postal_code"":""M9A"",""property_management_company"":""NORTH EDGE PROPERTIES LTD."",""property_type"":""PRIVATE"",""confirmed_storeys"":31,""confirmed_units"":416,""year_built"":1974,""year_registered"":2017,""air_conditioning_type"":""CENTRAL AIR"",""heating_type"":""FORCED AIR GAS"",""heating_equipment_status"":""REPLACED"",""heating_equipment_year_installed"":2016,""date_of_last_inspection_by_tssa"":""SEP 26, 2017"",""tssa_test_records"":""YES"",""cooling_room"":null,""match_basis"":""EXACT_CANONICAL_MUNICIPAL_ADDRESS"",""canonical_address"":""25 MABELLE AVE""}","[""toronto_building_permits_active""]",1
toronto-geoid:6868899,NO_TOWER_ASSERTION,253 MERTON ST,,,6868899,"[""chiller""]","[""SOURCE_ACTIVE_MECHANICAL_PERMIT""]",[],[],NO_TOWER_ASSERTION,[],[],[],2021-11-22,True,False,,,"[""toronto_building_permits_active""]",1
toronto-geoid:855387,NO_TOWER_ASSERTION,27 QUEEN ST E,,,855387,"[""chiller""]","[""SOURCE_ACTIVE_MECHANICAL_PERMIT""]",[],[],NO_TOWER_ASSERTION,[],[],[],2004-03-10,True,False,,,"[""toronto_building_permits_active""]",1
toronto-geoid:30010555,NO_TOWER_ASSERTION,3 MARINE PARADE DR,,,30010555,"[""chiller""]","[""SOURCE_ACTIVE_MECHANICAL_PERMIT"",""HISTORICAL_MECHANICAL_PROJECT""]",[],[],NO_TOWER_ASSERTION,[],[],[],2023-06-16,True,False,,,"[""toronto_building_permits_active"",""toronto_building_permits_cleared""]",2
toronto-geoid:9638452,NO_TOWER_ASSERTION,3050 LAWRENCE AVE E,,,9638452,"[""chiller""]","[""SOURCE_ACTIVE_MECHANICAL_PERMIT""]",[],[],NO_TOWER_ASSERTION,[],[],[],2013-05-06,True,False,,,"[""toronto_building_permits_active""]",2
toronto-geoid:796549,NO_TOWER_ASSERTION,317 DUNDAS ST W,,,796549,"[""chiller""]","[""SOURCE_ACTIVE_MECHANICAL_PERMIT""]",[],[],NO_TOWER_ASSERTION,[],[],[],2004-07-26,True,False,,,"[""toronto_building_permits_active""]",2
toronto-address:c972c91ae7b1dc29,NO_TOWER_ASSERTION,3197-3199 LAKE SHORE BLVD W,,,,"[""chiller""]","[""SOURCE_ACTIVE_MECHANICAL_PERMIT"",""HISTORICAL_MECHANICAL_PROJECT""]",[],[],NO_TOWER_ASSERTION,[],[],[],2026-06-08,True,False,,,"[""toronto_building_permits_active"",""toronto_building_permits_cleared""]",2
toronto-geoid:30033035,NO_TOWER_ASSERTION,32 REES ST,,,30033035,"[""chiller""]","[""SOURCE_ACTIVE_MECHANICAL_PERMIT""]",[],[],NO_TOWER_ASSERTION,[],[],[],2013-01-09,True,False,,,"[""toronto_building_permits_active""]",2
toronto-geoid:12387715,NO_TOWER_ASSERTION,330 JARVIS ST,,,12387715,"[""chiller""]","[""SOURCE_ACTIVE_MECHANICAL_PERMIT""]",[],[],NO_TOWER_ASSERTION,[],[],[],2017-11-15,True,False,,"{""source_key"":""toronto_apartment_building_registration"",""source_url"":""https://open.toronto.ca/dataset/apartment-building-registration/"",""rsn"":""4153478"",""site_address"":""330 JARVIS ST"",""postal_code"":""M4Y"",""property_management_company"":""TORONTO COMMUNITY HOUSING CORPORATION"",""property_type"":""TCHC"",""confirmed_storeys"":10,""confirmed_units"":82,""year_built"":1995,""year_registered"":2017,""air_conditioning_type"":""NONE"",""heating_type"":""HOT WATER"",""heating_equipment_status"":""ORIGINAL"",""heating_equipment_year_installed"":1995,""date_of_last_inspection_by_tssa"":""APR 25, 2016"",""tssa_test_records"":""YES"",""cooling_room"":null,""match_basis"":""EXACT_CANONICAL_MUNICIPAL_ADDRESS"",""canonical_address"":""330 JARVIS ST""}","[""toronto_building_permits_active""]",1
toronto-geoid:772686,NO_TOWER_ASSERTION,333 BLOOR ST E,,,772686,"[""chiller""]","[""SOURCE_ACTIVE_MECHANICAL_PERMIT"",""HISTORICAL_MECHANICAL_PROJECT""]",[],[],NO_TOWER_ASSERTION,[],[],[],2025-02-06,True,False,,,"[""toronto_building_permits_active"",""toronto_building_permits_cleared""]",7
toronto-geoid:9135228,NO_TOWER_ASSERTION,36 GREENFIELD AVE,,,9135228,"[""chiller""]","[""SOURCE_ACTIVE_MECHANICAL_PERMIT""]",[],[],NO_TOWER_ASSERTION,[],[],[],2015-05-14,True,False,,,"[""toronto_building_permits_active""]",2
toronto-geoid:9086232,NO_TOWER_ASSERTION,399 BATHURST ST,,,9086232,"[""chiller""]","[""SOURCE_ACTIVE_MECHANICAL_PERMIT""]",[],[],NO_TOWER_ASSERTION,[],[],[],2024-09-18,True,False,,,"[""toronto_building_permits_active""]",2
toronto-geoid:3065725,NO_TOWER_ASSERTION,40 UNIVERSITY AVE,,,3065725,"[""chiller""]","[""SOURCE_ACTIVE_MECHANICAL_PERMIT""]",[],[],NO_TOWER_ASSERTION,[],[],[],2022-01-04,True,False,,,"[""toronto_building_permits_active""]",2
toronto-geoid:536800,NO_TOWER_ASSERTION,4001 LESLIE ST,,,536800,"[""chiller"",""condenser_water""]","[""SOURCE_ACTIVE_MECHANICAL_PERMIT""]",[],[],NO_TOWER_ASSERTION,[],[],[],2018-03-02,True,False,,,"[""toronto_building_permits_active""]",2
toronto-geoid:6332564,NO_TOWER_ASSERTION,4171 SHEPPARD AVE E,,,6332564,"[""chiller"",""condenser_water""]","[""SOURCE_ACTIVE_MECHANICAL_PERMIT"",""HISTORICAL_MECHANICAL_PROJECT""]",[],[],NO_TOWER_ASSERTION,[],[],[],2023-12-11,True,False,,,"[""toronto_building_permits_active"",""toronto_building_permits_cleared""]",8
toronto-geoid:566155,NO_TOWER_ASSERTION,44 STUBBS DR,,,566155,"[""chiller""]","[""SOURCE_ACTIVE_MECHANICAL_PERMIT""]",[],[],NO_TOWER_ASSERTION,[],[],[],2024-01-05,True,False,,"{""source_key"":""toronto_apartment_building_registration"",""source_url"":""https://open.toronto.ca/dataset/apartment-building-registration/"",""rsn"":""4154733"",""site_address"":""44 STUBBS DR"",""postal_code"":""M2L"",""property_management_company"":""CAPREIT"",""property_type"":""PRIVATE"",""confirmed_storeys"":7,""confirmed_units"":84,""year_built"":1974,""year_registered"":2017,""air_conditioning_type"":""CENTRAL AIR"",""heating_type"":""HOT WATER"",""heating_equipment_status"":""REPLACED"",""heating_equipment_year_installed"":2007,""date_of_last_inspection_by_tssa"":""SEP 12, 2016"",""tssa_test_records"":""YES"",""cooling_room"":null,""match_basis"":""EXACT_CANONICAL_MUNICIPAL_ADDRESS"",""canonical_address"":""44 STUBBS DR""}","[""toronto_building_permits_active""]",1
toronto-geoid:7730267,NO_TOWER_ASSERTION,45 CARLTON ST,,,7730267,"[""chiller""]","[""SOURCE_ACTIVE_MECHANICAL_PERMIT""]",[],[],NO_TOWER_ASSERTION,[],[],[],2009-03-20,True,False,,,"[""toronto_building_permits_active""]",1
toronto-geoid:994432,NO_TOWER_ASSERTION,50 CORDOVA AVE,,,994432,"[""chiller""]","[""SOURCE_ACTIVE_MECHANICAL_PERMIT""]",[],[],NO_TOWER_ASSERTION,[],[],[],2012-02-08,True,False,,"{""source_key"":""toronto_apartment_building_registration"",""source_url"":""https://open.toronto.ca/dataset/apartment-building-registration/"",""rsn"":""4155306"",""site_address"":""50 CORDOVA AVE"",""postal_code"":""M9A"",""property_management_company"":""COMPTEN MANAGEMENT INC."",""property_type"":""PRIVATE"",""confirmed_storeys"":37,""confirmed_units"":285,""year_built"":1973,""year_registered"":2017,""air_conditioning_type"":""CENTRAL AIR"",""heating_type"":""FORCED AIR GAS"",""heating_equipment_status"":""REPLACED"",""heating_equipment_year_installed"":2016,""date_of_last_inspection_by_tssa"":""SEP 19, 2016"",""tssa_test_records"":""NO"",""cooling_room"":null,""match_basis"":""EXACT_CANONICAL_MUNICIPAL_ADDRESS"",""canonical_address"":""50 CORDOVA AVE""}","[""toronto_building_permits_active""]",1
toronto-geoid:20260181,NO_TOWER_ASSERTION,50 ST JOSEPH ST,,,20260181,"[""chiller""]","[""SOURCE_ACTIVE_MECHANICAL_PERMIT""]",[],[],NO_TOWER_ASSERTION,[],[],[],2016-09-23,True,False,,,"[""toronto_building_permits_active""]",2
toronto-geoid:12601290,NO_TOWER_ASSERTION,500 UNIVERSITY AVE,,,12601290,"[""chiller""]","[""SOURCE_ACTIVE_MECHANICAL_PERMIT""]",[],[],NO_TOWER_ASSERTION,[],[],[],2002-03-01,True,False,,,"[""toronto_building_permits_active""]",1
toronto-geoid:13501978,NO_TOWER_ASSERTION,501 CONSUMERS RD,,,13501978,"[""chiller""]","[""SOURCE_ACTIVE_MECHANICAL_PERMIT""]",[],[],NO_TOWER_ASSERTION,[],[],[],2016-03-07,True,False,,,"[""toronto_building_permits_active""]",1
toronto-geoid:3841975,NO_TOWER_ASSERTION,5100 YONGE ST,,,3841975,"[""chiller""]","[""SOURCE_ACTIVE_MECHANICAL_PERMIT""]",[],[],NO_TOWER_ASSERTION,[],[],[],2014-12-09,True,False,,,"[""toronto_building_permits_active""]",1
toronto-geoid:8535679,NO_TOWER_ASSERTION,55 BLOOR ST E,,,8535679,"[""chiller""]","[""SOURCE_ACTIVE_MECHANICAL_PERMIT""]",[],[],NO_TOWER_ASSERTION,[],[],[],2023-12-20,True,False,,,"[""toronto_building_permits_active""]",1
toronto-geoid:8087258,NO_TOWER_ASSERTION,55 HARBOUR SQ,,,8087258,"[""chiller""]","[""SOURCE_ACTIVE_MECHANICAL_PERMIT"",""HISTORICAL_MECHANICAL_PROJECT""]",[],[],NO_TOWER_ASSERTION,[],[],[],2025-11-24,True,False,,,"[""toronto_building_permits_active"",""toronto_building_permits_cleared""]",2
toronto-geoid:7792268,NO_TOWER_ASSERTION,595 BAY ST,,,7792268,"[""chiller""]","[""SOURCE_ACTIVE_MECHANICAL_PERMIT""]",[],[],NO_TOWER_ASSERTION,[],[],[],2004-02-11,True,False,,,"[""toronto_building_permits_active""]",1
toronto-geoid:7792698,NO_TOWER_ASSERTION,600 UNIVERSITY AVE,,,7792698,"[""chiller""]","[""SOURCE_ACTIVE_MECHANICAL_PERMIT"",""HISTORICAL_MECHANICAL_PROJECT""]",[],[],NO_TOWER_ASSERTION,[],[],[],2026-06-08,True,False,,,"[""toronto_building_permits_active"",""toronto_building_permits_cleared""]",3
toronto-geoid:13498043,NO_TOWER_ASSERTION,610 UNIVERSITY AVE,,,13498043,"[""chiller""]","[""SOURCE_ACTIVE_MECHANICAL_PERMIT""]",[],[],NO_TOWER_ASSERTION,[],[],[],2012-10-30,True,False,,,"[""toronto_building_permits_active""]",2
toronto-geoid:12763889,NO_TOWER_ASSERTION,65 QUEEN ST W,,,12763889,"[""chiller""]","[""SOURCE_ACTIVE_MECHANICAL_PERMIT""]",[],[],NO_TOWER_ASSERTION,[],[],[],2008-12-10,True,False,,,"[""toronto_building_permits_active""]",1
toronto-address:16a352860622bb56,NO_TOWER_ASSERTION,71 SIMCOE ST,,,,"[""chiller""]","[""SOURCE_ACTIVE_MECHANICAL_PERMIT""]",[],[],NO_TOWER_ASSERTION,[],[],[],2017-04-04,True,False,,,"[""toronto_building_permits_active""]",1
toronto-geoid:8038154,NO_TOWER_ASSERTION,72 STERLING RD,,,8038154,"[""chiller""]","[""SOURCE_ACTIVE_MECHANICAL_PERMIT""]",[],[],NO_TOWER_ASSERTION,[],[],[],2025-05-28,True,False,,,"[""toronto_building_permits_active""]",2
toronto-geoid:870176,NO_TOWER_ASSERTION,720 SPADINA AVE,,,870176,"[""chiller""]","[""SOURCE_ACTIVE_MECHANICAL_PERMIT"",""HISTORICAL_MECHANICAL_PROJECT""]",[],[],NO_TOWER_ASSERTION,[],[],[],2026-06-25,True,False,,,"[""toronto_building_permits_active"",""toronto_building_permits_cleared""]",2
toronto-geoid:7570431,NO_TOWER_ASSERTION,816 LOGAN AVE,,,7570431,"[""chiller""]","[""SOURCE_ACTIVE_MECHANICAL_PERMIT""]",[],[],NO_TOWER_ASSERTION,[],[],[],2022-02-09,True,False,,,"[""toronto_building_permits_active""]",3
toronto-geoid:30025476,NO_TOWER_ASSERTION,9 LESLIE ST,,,30025476,"[""chiller""]","[""SOURCE_ACTIVE_MECHANICAL_PERMIT""]",[],[],NO_TOWER_ASSERTION,[],[],[],2025-06-04,True,False,,,"[""toronto_building_permits_active""]",2
toronto-geoid:367187,NO_TOWER_ASSERTION,9 NEILSON RD,,,367187,"[""chiller""]","[""SOURCE_ACTIVE_MECHANICAL_PERMIT"",""HISTORICAL_MECHANICAL_PROJECT""]",[],[],NO_TOWER_ASSERTION,[],[],[],2026-01-09,True,False,,,"[""toronto_building_permits_active"",""toronto_building_permits_cleared""]",2
toronto-geoid:828395,NO_TOWER_ASSERTION,905 KING ST W,,,828395,"[""chiller""]","[""SOURCE_ACTIVE_MECHANICAL_PERMIT"",""HISTORICAL_MECHANICAL_PROJECT""]",[],[],NO_TOWER_ASSERTION,[],[],[],2023-01-19,True,False,,,"[""toronto_building_permits_active"",""toronto_building_permits_cleared""]",3
toronto-geoid:13503978,NO_TOWER_ASSERTION,941 PROGRESS AVE,,,13503978,"[""chiller""]","[""SOURCE_ACTIVE_MECHANICAL_PERMIT"",""HISTORICAL_MECHANICAL_PROJECT""]",[],[],NO_TOWER_ASSERTION,[],[],[],2024-06-18,True,False,,,"[""toronto_building_permits_active"",""toronto_building_permits_cleared""]",2
toronto-geoid:364214,NO_TOWER_ASSERTION,10 MILNER BUSINESS CRT,,,364214,"[""chiller""]","[""HISTORICAL_MECHANICAL_PROJECT""]",[],[],NO_TOWER_ASSERTION,[],[],[],2025-08-26,False,False,,,"[""toronto_building_permits_cleared""]",1
toronto-geoid:1031968,NO_TOWER_ASSERTION,10 SHORNCLIFFE RD,,,1031968,"[""chiller""]","[""HISTORICAL_MECHANICAL_PROJECT""]",[],[],NO_TOWER_ASSERTION,[],[],[],2026-06-08,False,False,,,"[""toronto_building_permits_cleared""]",1
toronto-geoid:1008107,NO_TOWER_ASSERTION,101 HUMBER COLLEGE BLVD,,,1008107,"[""chiller""]","[""HISTORICAL_MECHANICAL_PROJECT""]",[],[],NO_TOWER_ASSERTION,[],[],[],2017-03-15,False,False,,,"[""toronto_building_permits_cleared""]",1
toronto-geoid:3232917,NO_TOWER_ASSERTION,115 GOWAN AVE,,,3232917,"[""chiller""]","[""HISTORICAL_MECHANICAL_PROJECT""]",[],[],NO_TOWER_ASSERTION,[],[],[],2021-07-07,False,False,,,"[""toronto_building_permits_cleared""]",1
toronto-geoid:772675,NO_TOWER_ASSERTION,117 BLOOR ST E,,,772675,"[""chiller""]","[""HISTORICAL_MECHANICAL_PROJECT""]",[],[],NO_TOWER_ASSERTION,[],[],[],2026-06-08,False,False,,,"[""toronto_building_permits_cleared""]",1
toronto-geoid:11267781,NO_TOWER_ASSERTION,122 ARROW RD,,,11267781,"[""chiller""]","[""HISTORICAL_MECHANICAL_PROJECT""]",[],[],NO_TOWER_ASSERTION,[],[],[],2026-06-08,False,False,,,"[""toronto_building_permits_cleared""]",1
toronto-geoid:3147705,NO_TOWER_ASSERTION,123 EASTSIDE DR,,,3147705,"[""chiller""]","[""HISTORICAL_MECHANICAL_PROJECT""]",[],[],NO_TOWER_ASSERTION,[],[],[],2024-05-24,False,False,,,"[""toronto_building_permits_cleared""]",3
toronto-geoid:6275805,NO_TOWER_ASSERTION,123 GARRATT BLVD,,,6275805,"[""chiller""]","[""HISTORICAL_MECHANICAL_PROJECT""]",[],[],NO_TOWER_ASSERTION,[],[],[],2018-08-01,False,False,,,"[""toronto_building_permits_cleared""]",1
toronto-geoid:856376,NO_TOWER_ASSERTION,123 QUEEN ST W,,,856376,"[""chiller""]","[""HISTORICAL_MECHANICAL_PROJECT""]",[],[],NO_TOWER_ASSERTION,[],[],[],2018-07-30,False,False,,,"[""toronto_building_permits_cleared""]",1
toronto-geoid:7793159,NO_TOWER_ASSERTION,150 COLLEGE ST,,,7793159,"[""chiller""]","[""HISTORICAL_MECHANICAL_PROJECT""]",[],[],NO_TOWER_ASSERTION,[],[],[],2017-07-14,False,False,,,"[""toronto_building_permits_cleared""]",1
toronto-geoid:7792536,NO_TOWER_ASSERTION,150 GERRARD ST W,,,7792536,"[""chiller""]","[""HISTORICAL_MECHANICAL_PROJECT""]",[],[],NO_TOWER_ASSERTION,[],[],[],2026-06-08,False,False,,,"[""toronto_building_permits_cleared""]",1
toronto-geoid:8344802,NO_TOWER_ASSERTION,151 KING ST E,,,8344802,"[""chiller""]","[""HISTORICAL_MECHANICAL_PROJECT""]",[],[],NO_TOWER_ASSERTION,[],[],[],2024-12-20,False,False,,,"[""toronto_building_permits_cleared""]",1
toronto-geoid:30044709,NO_TOWER_ASSERTION,160 FRONT ST W,,,30044709,"[""chiller""]","[""HISTORICAL_MECHANICAL_PROJECT""]",[],[],NO_TOWER_ASSERTION,[],[],[],2026-05-19,False,False,,,"[""toronto_building_permits_cleared""]",2
toronto-geoid:11835376,NO_TOWER_ASSERTION,2 SHEPPARD AVE E,,,11835376,"[""chiller""]","[""HISTORICAL_MECHANICAL_PROJECT""]",[],[],NO_TOWER_ASSERTION,[],[],[],2026-07-07,False,False,,,"[""toronto_building_permits_cleared""]",4
toronto-geoid:11901996,NO_TOWER_ASSERTION,20 EGLINTON AVE W,,,11901996,"[""chiller""]","[""HISTORICAL_MECHANICAL_PROJECT""]",[],[],NO_TOWER_ASSERTION,[],[],[],2024-12-11,False,False,,,"[""toronto_building_permits_cleared""]",1
toronto-geoid:7792529,NO_TOWER_ASSERTION,200 ELIZABETH ST,,,7792529,"[""chiller"",""condenser_water""]","[""HISTORICAL_MECHANICAL_PROJECT""]",[],[],NO_TOWER_ASSERTION,[],[],[],2025-01-02,False,False,,,"[""toronto_building_permits_cleared""]",5
toronto-geoid:7683835,NO_TOWER_ASSERTION,218 CARLTON ST,,,7683835,"[""chiller""]","[""HISTORICAL_MECHANICAL_PROJECT""]",[],[],NO_TOWER_ASSERTION,[],[],[],2024-06-10,False,False,,,"[""toronto_building_permits_cleared""]",1
toronto-geoid:8087336,NO_TOWER_ASSERTION,222 BAY ST,,,8087336,"[""chiller""]","[""HISTORICAL_MECHANICAL_PROJECT""]",[],[],NO_TOWER_ASSERTION,[],[],[],2018-08-23,False,False,,,"[""toronto_building_permits_cleared""]",6
toronto-geoid:11484425,NO_TOWER_ASSERTION,2235 SHEPPARD AVE E,,,11484425,"[""chiller""]","[""HISTORICAL_MECHANICAL_PROJECT""]",[],[],NO_TOWER_ASSERTION,[],[],[],2023-03-23,False,False,,,"[""toronto_building_permits_cleared""]",2
toronto-geoid:8896615,NO_TOWER_ASSERTION,262 RIDLEY BLVD,,,8896615,"[""chiller""]","[""HISTORICAL_MECHANICAL_PROJECT""]",[],[],NO_TOWER_ASSERTION,[],[],[],2026-06-08,False,False,,"{""source_key"":""toronto_apartment_building_registration"",""source_url"":""https://open.toronto.ca/dataset/apartment-building-registration/"",""rsn"":""4154674"",""site_address"":""262 RIDLEY BLVD"",""postal_code"":""M5M"",""property_management_company"":""GREENWIN CORP."",""property_type"":""SOCIAL HOUSING"",""confirmed_storeys"":8,""confirmed_units"":111,""year_built"":1992,""year_registered"":2017,""air_conditioning_type"":""CENTRAL AIR"",""heating_type"":""FORCED AIR GAS"",""heating_equipment_status"":""REPLACED"",""heating_equipment_year_installed"":2012,""date_of_last_inspection_by_tssa"":""JAN 29, 2015"",""tssa_test_records"":""YES"",""cooling_room"":null,""match_basis"":""EXACT_CANONICAL_MUNICIPAL_ADDRESS"",""canonical_address"":""262 RIDLEY BLVD""}","[""toronto_building_permits_cleared""]",1
toronto-geoid:10011100,NO_TOWER_ASSERTION,30 DEE AVE,,,10011100,"[""chiller""]","[""HISTORICAL_MECHANICAL_PROJECT""]",[],[],NO_TOWER_ASSERTION,[],[],[],2022-03-14,False,False,,,"[""toronto_building_permits_cleared""]",1
toronto-geoid:10536994,NO_TOWER_ASSERTION,300 LESMILL RD,,,10536994,"[""chiller""]","[""HISTORICAL_MECHANICAL_PROJECT""]",[],[],NO_TOWER_ASSERTION,[],[],[],2026-06-08,False,False,,,"[""toronto_building_permits_cleared""]",1
toronto-geoid:7063055,NO_TOWER_ASSERTION,310 HUMBERLINE DR,,,7063055,"[""chiller""]","[""HISTORICAL_MECHANICAL_PROJECT""]",[],[],NO_TOWER_ASSERTION,[],[],[],2026-06-08,False,False,,,"[""toronto_building_permits_cleared""]",1
toronto-geoid:8676866,NO_TOWER_ASSERTION,33 YONGE ST,,,8676866,"[""chiller""]","[""HISTORICAL_MECHANICAL_PROJECT""]",[],[],NO_TOWER_ASSERTION,[],[],[],2024-02-12,False,False,,,"[""toronto_building_permits_cleared""]",1
toronto-geoid:12601206,NO_TOWER_ASSERTION,345 RUMSEY RD,,,12601206,"[""chiller""]","[""HISTORICAL_MECHANICAL_PROJECT""]",[],[],NO_TOWER_ASSERTION,[],[],[],2018-12-05,False,False,,,"[""toronto_building_permits_cleared""]",3
toronto-geoid:514036,NO_TOWER_ASSERTION,35 FAIRVIEW MALL DR,,,514036,"[""chiller""]","[""HISTORICAL_MECHANICAL_PROJECT""]",[],[],NO_TOWER_ASSERTION,[],[],[],2025-06-18,False,False,,,"[""toronto_building_permits_cleared""]",1
toronto-geoid:14601300,NO_TOWER_ASSERTION,380 THE WEST MALL,,,14601300,"[""chiller""]","[""HISTORICAL_MECHANICAL_PROJECT""]",[],[],NO_TOWER_ASSERTION,[],[],[],2018-05-22,False,False,,,"[""toronto_building_permits_cleared""]",1
toronto-geoid:5573901,NO_TOWER_ASSERTION,384 MOUNT PLEASANT RD,,,5573901,"[""chiller""]","[""HISTORICAL_MECHANICAL_PROJECT""]",[],[],NO_TOWER_ASSERTION,[],[],[],2021-02-17,False,False,,"{""source_key"":""toronto_apartment_building_registration"",""source_url"":""https://open.toronto.ca/dataset/apartment-building-registration/"",""rsn"":""4153760"",""site_address"":""384 MOUNT PLEASANT RD"",""postal_code"":""M4S"",""property_management_company"":""TORONTO COMMUNITY HOUSING CORPORATION"",""property_type"":""TCHC"",""confirmed_storeys"":8,""confirmed_units"":155,""year_built"":1993,""year_registered"":2017,""air_conditioning_type"":""NONE"",""heating_type"":""HOT WATER"",""heating_equipment_status"":""ORIGINAL"",""heating_equipment_year_installed"":1993,""date_of_last_inspection_by_tssa"":""FEB 11, 2016"",""tssa_test_records"":""YES"",""cooling_room"":null,""match_basis"":""EXACT_CANONICAL_MUNICIPAL_ADDRESS"",""canonical_address"":""384 MOUNT PLEASANT RD""}","[""toronto_building_permits_cleared""]",2
toronto-geoid:8067836,NO_TOWER_ASSERTION,390 BAY ST,,,8067836,"[""chiller""]","[""HISTORICAL_MECHANICAL_PROJECT""]",[],[],NO_TOWER_ASSERTION,[],[],[],2026-06-08,False,False,,,"[""toronto_building_permits_cleared""]",1
toronto-geoid:13494194,NO_TOWER_ASSERTION,390 THE WEST MALL,,,13494194,"[""chiller""]","[""HISTORICAL_MECHANICAL_PROJECT""]",[],[],NO_TOWER_ASSERTION,[],[],[],2018-02-27,False,False,,,"[""toronto_building_permits_cleared""]",1
toronto-geoid:8676857,NO_TOWER_ASSERTION,40 KING ST W,,,8676857,"[""chiller""]","[""HISTORICAL_MECHANICAL_PROJECT""]",[],[],NO_TOWER_ASSERTION,[],[],[],2025-11-24,False,False,,,"[""toronto_building_permits_cleared""]",5
toronto-geoid:6350053,NO_TOWER_ASSERTION,40 ST GEORGE ST,,,6350053,"[""chiller""]","[""HISTORICAL_MECHANICAL_PROJECT""]",[],[],NO_TOWER_ASSERTION,[],[],[],2026-06-08,False,False,,,"[""toronto_building_permits_cleared""]",2
toronto-geoid:10142946,NO_TOWER_ASSERTION,40 WYNFORD DR,,,10142946,"[""chiller""]","[""HISTORICAL_MECHANICAL_PROJECT""]",[],[],NO_TOWER_ASSERTION,[],[],[],2025-11-20,False,False,,,"[""toronto_building_permits_cleared""]",1
toronto-geoid:7929642,NO_TOWER_ASSERTION,43 SIMCOE ST,,,7929642,"[""chiller""]","[""HISTORICAL_MECHANICAL_PROJECT""]",[],[],NO_TOWER_ASSERTION,[],[],[],2025-09-26,False,False,,,"[""toronto_building_permits_cleared""]",2
toronto-geoid:5336734,NO_TOWER_ASSERTION,4330 DUFFERIN ST,,,5336734,"[""chiller""]","[""HISTORICAL_MECHANICAL_PROJECT""]",[],[],NO_TOWER_ASSERTION,[],[],[],2025-11-12,False,False,,,"[""toronto_building_permits_cleared""]",2
toronto-geoid:8351179,NO_TOWER_ASSERTION,45 THE ESPLANADE,,,8351179,"[""chiller""]","[""HISTORICAL_MECHANICAL_PROJECT""]",[],[],NO_TOWER_ASSERTION,[],[],[],2017-12-27,False,False,,,"[""toronto_building_permits_cleared""]",1
toronto-geoid:323008,NO_TOWER_ASSERTION,470 CORONATION DR,,,323008,"[""chiller""]","[""HISTORICAL_MECHANICAL_PROJECT""]",[],[],NO_TOWER_ASSERTION,[],[],[],2022-07-18,False,False,,,"[""toronto_building_permits_cleared""]",1
toronto-geoid:578559,NO_TOWER_ASSERTION,4950 YONGE ST,,,578559,"[""chiller""]","[""HISTORICAL_MECHANICAL_PROJECT""]",[],[],NO_TOWER_ASSERTION,[],[],[],2018-09-26,False,False,,,"[""toronto_building_permits_cleared""]",1
toronto-geoid:7641683,NO_TOWER_ASSERTION,50 GOULD ST,,,7641683,"[""chiller""]","[""HISTORICAL_MECHANICAL_PROJECT""]",[],[],NO_TOWER_ASSERTION,[],[],[],2022-03-01,False,False,,,"[""toronto_building_permits_cleared""]",1
toronto-geoid:20097934,NO_TOWER_ASSERTION,50 MATILDA ST,,,20097934,"[""chiller""]","[""HISTORICAL_MECHANICAL_PROJECT""]",[],[],NO_TOWER_ASSERTION,[],[],[],2021-12-06,False,False,,"{""source_key"":""toronto_apartment_building_registration"",""source_url"":""https://open.toronto.ca/dataset/apartment-building-registration/"",""rsn"":""4155866"",""site_address"":""50 MATILDA ST"",""postal_code"":null,""property_management_company"":""TORONTO COMMUNITY HOUSING CORPORATION"",""property_type"":""TCHC"",""confirmed_storeys"":4,""confirmed_units"":56,""year_built"":2008,""year_registered"":2017,""air_conditioning_type"":""NONE"",""heating_type"":""HOT WATER"",""heating_equipment_status"":""ORIGINAL"",""heating_equipment_year_installed"":2008,""date_of_last_inspection_by_tssa"":""DEC 31, 2014"",""tssa_test_records"":""NO"",""cooling_room"":null,""match_basis"":""EXACT_CANONICAL_MUNICIPAL_ADDRESS"",""canonical_address"":""50 MATILDA ST""}","[""toronto_building_permits_cleared""]",1
toronto-geoid:2854062,NO_TOWER_ASSERTION,522 UNIVERSITY AVE,,,2854062,"[""chiller""]","[""HISTORICAL_MECHANICAL_PROJECT""]",[],[],NO_TOWER_ASSERTION,[],[],[],2025-12-24,False,False,,,"[""toronto_building_permits_cleared""]",1
toronto-geoid:10906589,NO_TOWER_ASSERTION,525 BAY ST,,,10906589,"[""chiller""]","[""HISTORICAL_MECHANICAL_PROJECT""]",[],[],NO_TOWER_ASSERTION,[],[],[],2023-06-16,False,False,,,"[""toronto_building_permits_cleared""]",2
toronto-geoid:987965,NO_TOWER_ASSERTION,60 BIRMINGHAM ST,,,987965,"[""chiller""]","[""HISTORICAL_MECHANICAL_PROJECT""]",[],[],NO_TOWER_ASSERTION,[],[],[],2026-06-08,False,False,,,"[""toronto_building_permits_cleared""]",4
toronto-geoid:536810,NO_TOWER_ASSERTION,6100 LESLIE ST,,,536810,"[""chiller""]","[""HISTORICAL_MECHANICAL_PROJECT""]",[],[],NO_TOWER_ASSERTION,[],[],[],2024-04-10,False,False,,,"[""toronto_building_permits_cleared""]",1
toronto-geoid:7929870,NO_TOWER_ASSERTION,627 QUEENS QUAY W,,,7929870,"[""chiller""]","[""HISTORICAL_MECHANICAL_PROJECT""]",[],[],NO_TOWER_ASSERTION,[],[],[],2022-08-09,False,False,,,"[""toronto_building_permits_cleared""]",2
toronto-geoid:11227032,NO_TOWER_ASSERTION,65 ST GEORGE ST,,,11227032,"[""chiller""]","[""HISTORICAL_MECHANICAL_PROJECT""]",[],[],NO_TOWER_ASSERTION,[],[],[],2019-01-23,False,False,,,"[""toronto_building_permits_cleared""]",2
toronto-geoid:7950444,NO_TOWER_ASSERTION,66 COLLIER ST,,,7950444,"[""chiller""]","[""HISTORICAL_MECHANICAL_PROJECT""]",[],[],NO_TOWER_ASSERTION,[],[],[],2025-10-08,False,False,,,"[""toronto_building_permits_cleared""]",1
toronto-geoid:7978539,NO_TOWER_ASSERTION,69 YORKVILLE AVE,,,7978539,"[""chiller""]","[""HISTORICAL_MECHANICAL_PROJECT""]",[],[],NO_TOWER_ASSERTION,[],[],[],2018-07-17,False,False,,,"[""toronto_building_permits_cleared""]",1
toronto-geoid:7730195,NO_TOWER_ASSERTION,70 ALEXANDER ST,,,7730195,"[""chiller""]","[""HISTORICAL_MECHANICAL_PROJECT""]",[],[],NO_TOWER_ASSERTION,[],[],[],2017-10-11,False,False,,,"[""toronto_building_permits_cleared""]",1
toronto-geoid:874010,NO_TOWER_ASSERTION,70 ST JOSEPH ST,,,874010,"[""chiller""]","[""HISTORICAL_MECHANICAL_PROJECT""]",[],[],NO_TOWER_ASSERTION,[],[],[],2025-10-20,False,False,,,"[""toronto_building_permits_cleared""]",1
toronto-geoid:10222905,NO_TOWER_ASSERTION,77 ADELAIDE ST W,,,10222905,"[""chiller""]","[""HISTORICAL_MECHANICAL_PROJECT""]",[],[],NO_TOWER_ASSERTION,[],[],[],2020-02-13,False,False,,,"[""toronto_building_permits_cleared""]",2
toronto-geoid:8408205,NO_TOWER_ASSERTION,77 BLOOR ST W,,,8408205,"[""chiller""]","[""HISTORICAL_MECHANICAL_PROJECT""]",[],[],NO_TOWER_ASSERTION,[],[],[],2017-01-26,False,False,,,"[""toronto_building_permits_cleared""]",1
toronto-geoid:836549,NO_TOWER_ASSERTION,77 MAITLAND PL,,,836549,"[""chiller""]","[""HISTORICAL_MECHANICAL_PROJECT""]",[],[],NO_TOWER_ASSERTION,[],[],[],2020-09-17,False,False,,,"[""toronto_building_permits_cleared""]",1
toronto-geoid:7792587,NO_TOWER_ASSERTION,790 BAY ST,,,7792587,"[""chiller""]","[""HISTORICAL_MECHANICAL_PROJECT""]",[],[],NO_TOWER_ASSERTION,[],[],[],2019-07-22,False,False,,,"[""toronto_building_permits_cleared""]",1
toronto-geoid:7642546,NO_TOWER_ASSERTION,81 DALHOUSIE ST,,,7642546,"[""chiller""]","[""HISTORICAL_MECHANICAL_PROJECT""]",[],[],NO_TOWER_ASSERTION,[],[],[],2026-06-08,False,False,,,"[""toronto_building_permits_cleared""]",1
toronto-geoid:364211,NO_TOWER_ASSERTION,825 MILNER AVE,,,364211,"[""chiller""]","[""HISTORICAL_MECHANICAL_PROJECT""]",[],[],NO_TOWER_ASSERTION,[],[],[],2026-06-08,False,False,,,"[""toronto_building_permits_cleared""]",2
toronto-geoid:12763885,NO_TOWER_ASSERTION,90-94 ADELAIDE ST W,,,12763885,"[""chiller""]","[""HISTORICAL_MECHANICAL_PROJECT""]",[],[],NO_TOWER_ASSERTION,[],[],[],2017-08-18,False,False,,,"[""toronto_building_permits_cleared""]",1
toronto-geoid:9531813,NO_TOWER_ASSERTION,99 YORKVILLE AVE,,,9531813,"[""chiller""]","[""HISTORICAL_MECHANICAL_PROJECT""]",[],[],NO_TOWER_ASSERTION,[],[],[],2017-01-20,False,False,,,"[""toronto_building_permits_cleared""]",1
