source_id,source_field,cache_array,cache_field,conversion,code_line,rows_checked,mismatches
erm2-nwe9,created_date,water_311_requests,created_date,parse_source_date,218,190233,0
erm2-nwe9,closed_date,water_311_requests,closed_date,parse_source_date,219,190233,0
erm2-nwe9,agency,water_311_requests,agency,normalize_space,220,190233,0
erm2-nwe9,agency_name,water_311_requests,agency_name,normalize_space,221,190233,0
erm2-nwe9,complaint_type,water_311_requests,complaint_type,normalize_space,222,190233,0
erm2-nwe9,descriptor,water_311_requests,descriptor,normalize_space,223,190233,0
erm2-nwe9,descriptor_2,water_311_requests,descriptor_2,normalize_space,224,190233,0
erm2-nwe9,status,water_311_requests,status,normalize_space,226,190233,0
erm2-nwe9,resolution_description,water_311_requests,resolution_description,normalize_space,227,190233,0
erm2-nwe9,street_name,water_311_requests,street_name,normalize_space,230,190233,0
erm2-nwe9,borough,water_311_requests,borough,normalize_space,231,190233,0
erm2-nwe9,incident_zip,water_311_requests,zip,normalize_space,232,190233,0
wvxf-dwi5,buildingid,hpd_open_water_violations,building_id,normalize_space,258,184528,0
wvxf-dwi5,registrationid,hpd_open_water_violations,registration_id,normalize_space,259,184528,0
wvxf-dwi5,boro,hpd_open_water_violations,borough,normalize_space,263,184528,0
wvxf-dwi5,zip,hpd_open_water_violations,zip,normalize_space,264,184528,0
wvxf-dwi5,class,hpd_open_water_violations,class,normalize_space,265,184528,0
wvxf-dwi5,inspectiondate,hpd_open_water_violations,inspection_date,parse_source_date,266,184528,0
wvxf-dwi5,novdescription,hpd_open_water_violations,nov_description,normalize_space,267,184528,0
wvxf-dwi5,currentstatus,hpd_open_water_violations,current_status,normalize_space,268,184528,0
wvxf-dwi5,currentstatusdate,hpd_open_water_violations,current_status_date,parse_source_date,269,184528,0
wvxf-dwi5,violationstatus,hpd_open_water_violations,violation_status,normalize_space,270,184528,0
wvxf-dwi5,rentimpairing,hpd_open_water_violations,rent_impairing,normalize_space,271,184528,0
w9ak-ipjd,job_filing_number,dob_water_job_filings,source_record_id,normalize_space,353,75019,0
w9ak-ipjd,filing_status,dob_water_job_filings,filing_status,normalize_space,355,75019,0
w9ak-ipjd,filing_date,dob_water_job_filings,filing_date,parse_source_date,356,75019,0
w9ak-ipjd,approved_date,dob_water_job_filings,approved_date,parse_source_date,357,75019,0
w9ak-ipjd,signoff_date,dob_water_job_filings,signoff_date,parse_source_date,358,75019,0
w9ak-ipjd,borough,dob_water_job_filings,borough,normalize_space,362,75019,0
w9ak-ipjd,plumbing_work_type,dob_water_job_filings,plumbing_work_type,normalize_space,363,75019,0
w9ak-ipjd,mechanical_systems_work_type_,dob_water_job_filings,mechanical_work_type,normalize_space,364,75019,0
w9ak-ipjd,boiler_equipment_work_type_,dob_water_job_filings,boiler_work_type,normalize_space,365,75019,0
w9ak-ipjd,job_description,dob_water_job_filings,job_description,normalize_space,366,75019,0
w9ak-ipjd,applicant_license,dob_water_job_filings,applicant_license,normalize_space,371,75019,0
w9ak-ipjd,applicant_professional_title,dob_water_job_filings,applicant_professional_title,normalize_space,372,75019,0
w9ak-ipjd,owner_s_business_name,dob_water_job_filings,owner_business_name,normalize_space,376,75019,0
rbx6-tga4,job_filing_number,dob_water_permits,job_filing_number,normalize_space,390,56028,0
rbx6-tga4,sequence_number,dob_water_permits,sequence_number,normalize_space,392,56028,0
rbx6-tga4,filing_reason,dob_water_permits,filing_reason,normalize_space,393,56028,0
rbx6-tga4,approved_date,dob_water_permits,approved_date,parse_source_date,394,56028,0
rbx6-tga4,issued_date,dob_water_permits,issued_date,parse_source_date,395,56028,0
rbx6-tga4,expired_date,dob_water_permits,expired_date,parse_source_date,396,56028,0
rbx6-tga4,permit_status,dob_water_permits,permit_status,normalize_space,397,56028,0
rbx6-tga4,borough,dob_water_permits,borough,normalize_space,401,56028,0
rbx6-tga4,work_type,dob_water_permits,work_type,normalize_space,402,56028,0
rbx6-tga4,job_description,dob_water_permits,job_description,normalize_space,403,56028,0
rbx6-tga4,estimated_job_costs,dob_water_permits,estimated_job_costs,_number,404,56028,0
rbx6-tga4,applicant_license,dob_water_permits,applicant_license,normalize_space,409,56028,0
rbx6-tga4,permittee_s_license_type,dob_water_permits,permittee_license_type,normalize_space,410,56028,0
rbx6-tga4,owner_business_name,dob_water_permits,owner_business_name,normalize_space,414,56028,0
5zyy-y8am,report_year,ll84_water_benchmarks,report_year,normalize_space,433,103259,0
5zyy-y8am,property_id,ll84_water_benchmarks,property_id,normalize_space,434,103259,0
5zyy-y8am,property_name,ll84_water_benchmarks,property_name,normalize_space,435,103259,0
5zyy-y8am,year_ending,ll84_water_benchmarks,year_ending,parse_source_date,436,103259,0
5zyy-y8am,address_1,ll84_water_benchmarks,address,normalize_space,441,103259,0
5zyy-y8am,city,ll84_water_benchmarks,city,normalize_space,442,103259,0
5zyy-y8am,postal_code,ll84_water_benchmarks,postal_code,normalize_space,443,103259,0
5zyy-y8am,metered_areas_water,ll84_water_benchmarks,metered_areas_water,normalize_space,444,103259,0
5zyy-y8am,water_use_all_water_sources,ll84_water_benchmarks,water_use_all_sources_kgal,_number,445,103259,0
5zyy-y8am,indoor_water_use_all_water,ll84_water_benchmarks,indoor_water_use_all_sources_kgal,_number,446,103259,0
5zyy-y8am,outdoor_water_use_all_water,ll84_water_benchmarks,outdoor_water_use_all_sources_kgal,_number,447,103259,0
5zyy-y8am,municipally_supplied_potable,ll84_water_benchmarks,municipal_potable_mixed_kgal,_number,448,103259,0
5zyy-y8am,municipally_supplied_potable_1,ll84_water_benchmarks,municipal_potable_total_kgal,_number,449,103259,0
5zyy-y8am,municipally_supplied_potable_2,ll84_water_benchmarks,municipal_potable_indoor_kgal,_number,450,103259,0
5zyy-y8am,municipally_supplied_potable_3,ll84_water_benchmarks,municipal_potable_outdoor_kgal,_number,451,103259,0
5zyy-y8am,estimated_values_water,ll84_water_benchmarks,estimated_values_water,normalize_space,452,103259,0
5zyy-y8am,alert_water_meter_has_less,ll84_water_benchmarks,water_meter_alert_less_than_12_months,normalize_space,453,103259,0
5zyy-y8am,last_modified_date_water,ll84_water_benchmarks,last_modified_date_water,parse_source_date,454,103259,0
